Time frequency,Unit of measure,Geopolitical entity (reporting)\Time,1980.0,1981.0,1982.0,1983.0,1984.0,1985.0,1986.0,1987.0,1988.0,1989.0,1990.0,1991.0,1992.0,1993.0,1994.0,1995.0,1996.0,1997.0,1998.0,1999.0,2000.0,2001.0,2002.0,2003.0,2004.0,2005.0,2006.0,2007.0,2008.0,2009.0,2010.0,2011.0,2012.0,2013.0,2014.0,2015.0,2016.0,2017.0,2018.0,2019.0,2020.0,2021.0,2022.0
Annual,Inhabitants per ...,Albania,:,:,:,:,:,5390.48,9813.75,9820.4,10509.48,7796.96,:,:,:,:,:,:,:,:,:,:,:,:,:,:,:,:,:,:,:,:,:,:,:,:,:,:,:,:,:,:,:,:,:
Annual,Inhabitants per ...,Austria,:,:,:,:,:,:,:,:,:,:,:,:,:,:,:,:,:,:,:,:,:,:,:,:,153.65,:,:,148.72,:,147.18,:,134.23,128.53 bd,128.39 d,128.59 d,129.60 d,129.88 d,115.59 bd,115.79 d,115.99 d,114.51 d,114.15 d,114.60 d
Annual,Inhabitants per ...,Belgium,:,:,:,:,:,:,:,:,:,:,:,:,:,:,:,95.16,90.51,89.79,86.77,83.84,82.95,81.69,82.06,81.85,81.82,82.11,82.28,81.86,81.41,81.28,81.88,81.54,81.03,82.81 b,81.73,80.66,79.14,78.55,77.95,77.56,77.98,78.5,77.96
Annual,Inhabitants per ...,Bulgaria,:,:,:,:,:,:,:,:,:,:,:,:,:,:,:,:,:,:,:,:,1728.77,1696.85,1863.33,1829.49,1776.03,1768.0,1739.76,1762.93,1749.78,1647.73,1618.29,1616.44,1650.68,2324.84 b,2287.5,2998.33 b,3250.26,3250.32,3370.94,3648.41,3587.18,3874.78,3956.71
Annual,Inhabitants per ...,Switzerland,:,:,:,:,:,:,:,:,:,:,:,:,:,:,:,:,:,:,:,:,85.5,85.64,85.25,86.13,85.94,85.68,84.93,83.99,84.3,84.24,85.29,85.22,85.47,85.51,85.59,85.77,86.21,85.16,85.47,85.45,85.79,86.31,87.46
Annual,Inhabitants per ...,Cyprus,:,:,:,:,:,:,:,:,:,:,:,:,:,:,:,:,:,:,:,:,:,:,:,:,:,:,:,:,:,:,:,:,:,:,:,:,:,:,:,249.49,270.8,277.63,349.83
Annual,Inhabitants per ...,Czechia,:,:,:,:,:,:,:,:,:,:,:,:,:,:,:,:,:,:,:,:,157.52,:,:,:,:,148.23,147.31,147.38 b,150.91,152.87,160.43 b,159.86,158.25,154.59,152.55,150.74,146.73,145.46,144.77,143.81,140.93,139.47,138.97
Annual,Inhabitants per ...,Germany,:,:,:,:,:,:,:,:,:,:,:,:,:,:,:,:,:,:,:,127.2,:,122.13,:,115.72,:,108.92,:,102.95,:,96.93,:,91.69,:,89.32,:,87.94,:,86.79,:,85.7,:,84.49,84.38 e
Annual,Inhabitants per ...,Denmark,:,:,:,:,:,:,:,:,:,:,100.48,107.08,111.85,116.24,110.78 b,111.72,109.43,112.95,109.57,115.52,115.91,115.69,116.7,122.41,122.06,122.39,120.81,122.08 b,124.61,123.97,117.61 b,117.94,114.52,113.37,113.1,112.84,112.31,133.17 b,133.7,133.8,133.99,134.13 b,134.38
Annual,Inhabitants per ...,Estonia,:,:,:,:,:,:,:,:,:,:,:,:,:,:,:,:,:,:,234.27,233.22,231.44,229.59,221.94,218.76,211.67,200.14,190.28,181.71,171.71,163.82,157.4,152.19,142.96,127.04 b,163.32 b,154.03,150.51,146.91,143.01,128.89,125.66,118.85,116.46
Annual,Inhabitants per ...,Greece,6887.5,6005.77,5349.46,4826.78,4398.13,3973.72,3691.56,3448.48,3237.74,3254.68,3348.7,3389.14,:,3859.93,3879.31,3897.47,4033.76,4132.27,4440.97,4245.25,4339.68,:,:,:,:,:,:,:,:,:,:,:,:,:,:,:,:,:,:,:,:,:,3868.38 p
Annual,Inhabitants per ...,Spain,:,:,:,:,:,:,:,:,:,:,:,:,:,:,:,:,:,:,:,:,:,:,666.43 d,598.84 d,310.23 d,317.20 d,282.83 d,233.82 d,230.57 d,205.72 d,189.39 d,125.44 bd,124.89 d,125.64 d,122.99 d,121.80 d,121.05 d,120.44 d,119.54 d,118.01 d,118.70 d,116.48 d,117.07 dp
Annual,Inhabitants per ...,Finland,:,:,:,:,:,:,:,:,:,:,:,:,:,:,:,:,180.6,167.34,163.35,155.22,151.51,143.55,135.73,132.97,128.16,122.34,108.7,102.72,98.61,95.4,91.93,89.08,89.58,88.33,86.54,84.68,83.09,84.03,83.59,84.57,82.01,86.18,88.15
Annual,Inhabitants per ...,France,:,:,:,:,:,:,:,:,:,:,:,:,:,146.83,143.01,139.49,140.11,137.2,135.22,135.5,135.26,136.26,135.65,134.24,132.32,130.18,128.23,127.35,124.14,118.71,110.86,106.6,104.96,103.83,103.26,102.45,102.18,101.96,101.95,102.0,102.52,102.15,102.34
Annual,Inhabitants per ...,Croatia,:,:,:,:,:,:,:,:,:,:,:,:,:,:,:,:,:,:,:,:,:,:,:,669.08,601.63,554.34,559.4,529.37,526.49,507.88,480.68,489.64,475.5,480.95,443.42,515.19 b,460.4,503.43,472.98,460.77,423.01,419.66,418.6
Annual,Inhabitants per ...,Hungary,:,:,:,:,:,:,:,:,:,:,:,:,:,:,171.99,162.48,155.12,149.74,143.46,157.51 b,153.32,148.38,143.79,139.52,136.24,131.77,130.45,124.25,123.17,120.72,120.22,119.31,118.71,117.92,117.44,116.55,116.62,116.23,115.55,115.27,114.21,114.43,113.96
Annual,Inhabitants per ...,Ireland,:,:,:,:,:,:,:,376.6,373.01,306.83,313.89,304.68,296.54,283.83,278.54,269.74,259.08,251.81,244.42,243.98,236.67,228.85,223.09,212.48,211.06,213.12,199.35,195.22,195.27,157.71 b,174.81 b,165.32,161.66,166.16,162.26 b,156.18,156.45,156.43,155.75,153.86,155.29,158.07,163.09
Annual,Inhabitants per ...,Iceland,:,:,:,:,:,:,:,:,:,:,244.55,238.26,231.84,205.07,196.62,188.49,193.88,197.04,191.64,181.18,170.12,171.05,160.63,152.86,145.53,145.03,142.09,122.47 b,123.94,124.9,125.26,129.52,130.43,129.35,126.62,127.41,127.62,130.37,133.2,133.89,137.0,:,:
Annual,Inhabitants per ...,Italy,:,:,:,:,:,:,:,:,:,:,:,:,:,:,:,:,:,:,:,:,452.40 d,424.84 d,387.29 d,370.76 d,360.26 d,341.34 d,321.90 d,310.07 d,307.30 d,293.74 d,278.46 d,269.04 d,265.64 d,257.40 d,254.25 d,248.49 d,247.53 d,240.51 d,221.48 b,215.9,214.17,209.91,208.16 p
Annual,Inhabitants per ...,Liechtenstein,:,187.39,191.64,193.04,194.13,196.19,160.22,162.1,164.4,166.57,169.07,171.82,174.28,176.99,179.23,147.96,149.2,150.15,152.25,154.91,156.94,159.59,161.99,163.84,165.61,159.42,160.72,161.75,162.72,158.85,160.1,150.67,144.32,141.16,136.44,133.43,134.22,135.1,128.77,130.72,125.08,125.99,126.99
Annual,Inhabitants per ...,Lithuania,:,:,:,:,:,:,:,:,:,:,:,:,:,:,:,:,245.71,218.36,198.76,195.3,190.89,192.11,194.72,192.21,190.38,180.36,176.03,171.46,167.78,165.21,166.33,164.73,160.02,156.55,155.51,151.65,142.76,137.68,134.64,131.48,130.55,130.5,129.45
Annual,Inhabitants per ...,Luxembourg,:,:,:,:,:,:,:,:,:,:,:,:,:,:,:,:,:,:,:,:,:,172.88,164.7,153.46,150.05,146.78,152.81,146.16,144.19,138.7,130.62,131.86,127.94 e,:,84.55 b,82.62,85.08,85.62,86.14,86.85,87.42,87.48,86.13
Annual,Inhabitants per ...,Latvia,:,:,:,:,:,:,:,:,:,:,:,:,:,:,:,658.99,588.42,498.02,511.57,463.09,455.39,453.12,439.28,403.16,406.67,421.14,402.53,413.98,450.23,391.46,340.46,294.5,266.45,265.24,355.84 b,366.34 d,364.63 d,364.67 d,371.75 d,367.41 d,389.52 d,385.61 d,386.31 d
Annual,Inhabitants per ...,Montenegro,:,:,:,:,:,:,:,:,:,:,:,:,:,:,:,:,:,:,:,:,:,:,:,:,:,:,:,:,:,:,:,:,:,:,:,:,:,:,:,:,:,: m,: m
Annual,Inhabitants per ...,North Macedonia,:,:,:,:,:,:,:,:,:,:,:,:,:,:,:,:,:,:,:,:,:,:,7386.01,7370.08,7391.07,5819.59,3400.38,3505.25,3510.97,3493.48 b,2156.35,2192.27,2468.32,2219.39,2259.53,2262.54,2108.33,2110.38,2197.05,2070.48,2066.33,1947.12,:
Annual,Inhabitants per ...,Malta,:,:,:,:,:,:,:,:,:,:,:,:,:,:,:,:,:,:,:,:,:,:,124.52,128.53,125.44,195.28 b,187.12,184.87,156.37 b,99.15 b,93.97,94.39,91.55,99.04 b,97.43,96.02,96.23,91.82,86.46,88.81,79.82,77.68,79.4
Annual,Inhabitants per ...,Netherlands,:,:,:,:,:,:,:,:,:,:,77.95,79.19,80.28,81.25,82.75,84.35,86.46,89.55,91.45,93.07,94.32,94.67,95.65,95.52,95.34,95.73,96.11,96.7,97.14,96.41,96.48,96.9,69.78 b,70.25,70.3,72.01,72.66,72.96,72.67,72.55,72.79,68.62 b,70.41
Annual,Inhabitants per ...,Norway,:,:,:,:,:,:,:,:,:,:,:,:,:,:,:,:,:,:,:,:,:,:,107.24,109.42,110.91,112.69,113.46,114.25,115.36,117.57,118.39,119.99,120.26,122.57,124.35,127.49,129.31,130.61,132.38,133.82,135.79,137.6,138.73
Annual,Inhabitants per ...,Poland,:,:,:,:,:,:,:,:,:,:,:,:,:,:,:,:,:,:,:,:,:,:,:,444.14,437.78,429.94,431.32,431.73,600.85 b,602.09,595.01,577.79,570.21,556.71,540.88,530.14,524.01,511.94,504.98,498.95,509.14,486.45,468.28
Annual,Inhabitants per ...,Romania,:,:,:,:,:,:,:,:,:,:,:,:,:,:,:,:,:,:,:,1042.45,1143.01,1086.98,1078.92,1000.06,969.35,1051.53,1043.92,991.12,972.81,1004.36,784.12 b,733.68,737.29,731.98,709.79,525.24 b,513.64,503.54,497.17,485.46,472.23,471.88,437.81
Annual,Inhabitants per ...,Serbia,:,:,:,:,:,:,:,:,:,:,:,:,:,:,:,:,:,:,:,:,:,:,:,:,:,:,508.48,506.42,511.07,509.03,491.23,488.2,481.8,478.76,362.81 b,358.44,354.12,343.08,343.73,296.78,294.13,279.61,271.03
Annual,Inhabitants per ...,Sweden,:,:,:,:,:,:,:,:,:,:,95.72,93.57,71.18 b,66.94,65.37,57.95,59.09,57.7,62.35,60.05,58.78,58.46,59.5,61.3,63.73,65.73,66.92,67.96,68.19,69.37,70.40 b,71.74,73.99,75.46 b,78.33 b,78.15,78.36,72.05,72.18,74.18,77.35,78.1,76.96
Annual,Inhabitants per ...,Slovenia,:,:,:,:,:,:,:,:,:,:,:,:,:,:,:,:,:,:,:,:,:,:,:,:,:,:,:,:,110.92,107.7,107.11,106.22,103.0,101.89,101.96,100.48,100.24,99.74,98.46,98.74,98.61,97.72,89.56 b
Annual,Inhabitants per ...,Slovakia,:,:,:,:,:,:,:,:,:,:,:,:,:,:,:,:,:,:,:,:,:,:,:,:,181.83,183.3,178.02,175.83,176.09,169.49,164.13,164.54,151.7,150.66,144.36,134.91,133.51,132.7,129.22,128.37,128.64,126.64,127.72 b
Annual,Inhabitants per ...,Türkiye,:,:,:,:,:,:,:,:,:,:,:,:,:,:,:,:,:,:,:,:,:,:,:,:,:,:,:,:,:,:,:,1912.29,1745.64,1683.75,1652.96,1577.37,1511.44,1395.55,1308.48,1212.25,1147.13,1118.73,1098.64
Annual,Number,Albania,:,:,:,:,:,550.0,308.0,314.0,299.0,414.0,324.0,292.0,248.0,:,:,:,:,:,:,:,:,:,:,:,:,:,:,:,:,:,:,:,:,:,:,:,:,:,:,:,:,:,:
Annual,Number,Austria,:,:,:,:,:,:,:,:,:,:,:,:,:,:,:,:,:,:,:,:,:,:,:,:,53186.0,:,:,55779.0,:,56686.0,:,62519.0,65587 bd,66045 d,66461 d,66690 d,67265 d,76108 bd,76349 d,76560 d,77867 d,78456 d,78898 d
Annual,Number,Belgium,:,:,:,:,:,:,:,:,:,:,:,:,:,:,:,106525.0,112219.0,113384.0,117586.0,121978.0,123585.0,125923.0,125922.0,126771.0,127368.0,127614.0,128200.0,129807.0,131550.0,132837.0,133370.0,135374.0,137069.0,134765 b,137140.0,139782.0,143178.0,144817.0,146591.0,148132.0,147967.0,147594.0,149827.0
Annual,Number,Bulgaria,:,:,:,:,:,:,:,:,:,:,:,:,:,:,:,:,:,:,:,:,4726.0,4720.0,4206.0,4250.0,4345.0,4332.0,4369.0,4280.0,4282.0,4518.0,4570.0,4546.0,4426.0,3125 b,3158.0,2394 b,2193.0,2177.0,2084.0,1912.0,1933.0,1775.0,1679.0
Annual,Number,Switzerland,:,:,:,:,:,:,:,:,:,:,:,:,:,:,:,:,:,:,:,:,84031.0,84421.0,85454.0,85208.0,85983.0,86798.0,88122.0,89908.0,90717.0,91931.0,91781.0,92848.0,93558.0,94600.0,95669.0,96563.0,97127.0,99242.0,99622.0,100356.0,100694.0,100856.0,100354.0
Annual,Number,Cyprus,:,:,:,:,:,:,:,:,:,:,:,:,:,:,:,:,:,:,:,:,:,:,:,:,:,:,:,:,:,:,:,:,:,:,:,:,:,:,:,3535.0,3294.0,3243.0,2609.0
Annual,Number,Czechia,:,:,:,:,:,:,:,:,:,:,:,:,:,:,:,:,:,:,:,:,65102.0,:,:,:,:,68887.0,69507.0,69880 b,68811.0,68321.0,65288 b,65657.0,66417.0,68012.0,68995.0,69964.0,72013.0,72834.0,73427.0,74208.0,75174.0,75324.0,76795.0
Annual,Number,Germany,:,:,:,:,:,:,:,:,:,:,:,:,:,:,:,:,:,:,:,645456.0,:,674292.0,:,713195.0,:,757186.0,:,799059.0,:,845007.0,:,875549.0,:,902882.0,:,928939.0,:,952367.0,:,969553.0,:,984688.0,993097 e
Annual,Number,Denmark,:,:,:,:,:,:,:,:,:,:,51162.0,48134.0,46235.0,44636.0,46994 b,46843.0,48094.0,46791.0,48410.0,46068.0,46066.0,46322.0,46065.0,44036.0,44277.0,44280.0,45008.0,44738 b,44087.0,44552.0,47170 b,47234.0,48827.0,49527.0,49896.0,50367.0,51001.0,43292 b,43334.0,43456.0,43521.0,43665 b,43928.0
Annual,Number,Estonia,:,:,:,:,:,:,:,:,:,:,:,:,:,:,:,:,:,:,5917.0,5961.0,6036.0,6046.0,6215.0,6266.0,6437.0,6769.0,7078.0,7378.0,7787.0,8146.0,8459.0,8722.0,9252.0,10375 b,8054 b,8540.0,8742.0,8967.0,9244.0,10295.0,10580.0,11198.0,11582.0
Annual,Number,Greece,1400.0,1620.0,1830.0,2040.0,2250.0,2500.0,2700.0,2900.0,3100.0,3100.0,3045.0,3045.0,:,2710.0,2710.0,2710.0,2630.0,2580.0,2414.0,2535.0,2490.0,:,:,:,:,:,:,:,:,:,:,:,:,:,:,:,:,:,:,:,:,:,2698 p
Annual,Number,Spain,:,:,:,:,:,:,:,:,:,:,:,:,:,:,:,:,:,:,:,:,:,:,62169 d,70449 d,138354 d,137621 d,156973 d,193422 d,199304 d,225369 d,245927 d,372628 bd,374518 d,371064 d,377920 d,381333 d,383995 d,386873 d,391475 d,399417 d,399046 d,407085 d,407947 dp
Annual,Number,Finland,:,:,:,:,:,:,:,:,:,:,:,:,:,:,:,:,28375.0,30715.0,31548.0,33279.0,34165.0,36140.0,38315.0,39203.0,40795.0,42883.0,48447.0,51487.0,53884.0,55963.0,58342.0,60486.0,60437.0,61575.0,63111.0,64705.0,66140.0,65547.0,65983.0,65287.0,67427.0,64298.0,63027.0
Annual,Number,France,:,:,:,:,:,:,:,:,:,:,:,:,:,401800.0,414039.0,425959.0,425539.0,436095.0,444077.0,445397.0,449218.0,449162.0,454435.0,462449.0,472596.0,483946.0,494697.0,501170.0,516971.0,543402.0,584673.0,610962.0,623469.0,634523.0,642168.0,649554.0,653013.0,656307.0,658713.0,660608.0,659416.0,664169.0,665058.0
Annual,Number,Croatia,:,:,:,:,:,:,:,:,:,:,:,:,:,:,:,:,:,:,:,:,:,:,:,6435.0,7161.0,7778.0,7710.0,8147.0,8188.0,8479.0,8938.0,8747.0,8978.0,8846.0,9503.0,8067 b,8916.0,8038.0,8439.0,8575.0,9251.0,9240.0,9213.0
Annual,Number,Hungary,:,:,:,:,:,:,:,:,:,:,:,:,:,:,60140.0,63570.0,66471.0,68721.0,71566.0,64997 b,66597.0,68659.0,70651.0,72604.0,74185.0,76548.0,77204.0,80931.0,81501.0,83024.0,83184.0,83472.0,83565.0,83896.0,84016.0,84455.0,84155.0,84209.0,84598.0,84766.0,85369.0,84853.0,84630.0
Annual,Number,Ireland,:,:,:,:,:,:,:,9400.0,9450.0,11443.0,11195.0,11600.0,12000.0,12600.0,12890.0,13379.0,14040.0,14591.0,15190.0,15390.0,16078.0,16894.0,17625.0,18809.0,19285.0,19519.0,21440.0,22533.0,22991.0,28758 b,26087 b,27705.0,28452.0,27827.0,28705 b,30106.0,30396.0,30732.0,31251.0,32071.0,32104.0,31842.0,31674.0
Annual,Number,Iceland,:,:,:,:,:,:,:,:,:,:,1042.0,1082.0,1126.0,1286.0,1353.0,1419.0,1387.0,1376.0,1430.0,1531.0,1653.0,1666.0,1790.0,1894.0,2007.0,2046.0,2138.0,2544 b,2561.0,2550.0,2539.0,2463.0,2459.0,2503.0,2586.0,2597.0,2629.0,2634.0,2648.0,2693.0,2675.0,:,:
Annual,Number,Italy,:,:,:,:,:,:,:,:,:,:,:,:,:,:,:,:,:,:,:,:,125868 d,134107 d,147328 d,154585 d,160120 d,169827 d,180626 d,188466 d,191430 d,201180 d,212875 d,220711 d,224136 d,234008 d,239090 d,244395 d,244928 d,251701 d,271580 b,276648.0,277532.0,281704.0,283501 p
Annual,Number,Liechtenstein,0.0,137.0,137.0,137.0,137.0,137.0,170.0,170.0,170.0,170.0,170.0,170.0,170.0,170.0,170.0,208.0,208.0,208.0,208.0,208.0,208.0,208.0,208.0,208.0,208.0,218.0,218.0,218.0,218.0,225.0,225.0,241.0,254.0,262.0,273.0,281.0,281.0,281.0,297.0,295.0,311.0,311.0,311.0
Annual,Number,Lithuania,:,:,:,:,:,:,:,:,:,:,:,:,:,:,:,:,14658.0,16373.0,17857.0,18045.0,18333.0,18067.0,17682.0,17768.0,17739.0,18422.0,18576.0,18846.0,19062.0,19145.0,18621.0,18382.0,18671.0,18893.0,18856.0,19155.0,20091.0,20543.0,20807.0,21252.0,21409.0,21463.0,21875.0
Annual,Number,Luxembourg,:,:,:,:,:,:,:,:,:,:,:,:,:,:,:,:,:,:,:,:,:,2554.0,2709.0,2943.0,3053.0,3169.0,3093.0,3284.0,3389.0,3589.0,3881.0,3931.0,4150 e,:,6580 b,6894.0,6858.0,6965.0,7058.0,7139.0,7211.0,7317.0,7583.0
Annual,Number,Latvia,:,:,:,:,:,:,:,:,:,:,:,:,:,:,:,3771.0,4176.0,4885.0,4711.0,5162.0,5199.0,5158.0,5259.0,5675.0,5565.0,5316.0,5511.0,5315.0,4836.0,5471.0,6161.0,6994.0,7635.0,7588.0,5603 b,5398 d,5374 d,5326 d,5184 d,5209 d,4879 d,4887 d,4865 d
Annual,Number,Montenegro,:,:,:,:,:,:,:,:,:,:,:,:,:,:,:,:,:,:,:,:,:,:,:,:,:,:,:,:,:,:,:,:,:,:,:,:,:,:,:,:,:,: m,: m
Annual,Number,North Macedonia,:,:,:,:,:,:,:,:,:,:,:,:,:,:,:,:,:,:,:,:,:,:,275.0,275.0,275.0,350.0,600.0,583.0,583.0,587 b,953.0,939.0,835.0,930.0,915.0,915.0,983.0,983.0,945.0,1003.0,1003.0,1003.0,:
Annual,Number,Malta,:,:,:,:,:,:,:,:,:,:,:,:,:,:,:,:,:,:,:,:,:,:,3180.0,3101.0,3199.0,2068 b,2166.0,2200.0,2618 b,4160 b,4411.0,4410.0,4588.0,4301 b,4460.0,4635.0,4732.0,5097.0,5605.0,5676.0,6456.0,6675.0,6694.0
Annual,Number,Netherlands,:,:,:,:,:,:,:,:,:,:,191814.0,190311.0,189134.0,188191.0,185887.0,183269.0,179621.0,174333.0,171756.0,169886.0,168847.0,169495.0,168833.0,169863.0,170775.0,170475.0,170076.0,169400.0,169290.0,171460.0,172220.0,172270.0,240121 b,239206.0,239887.0,235253.0,234372.0,234820.0,237125.0,239074.0,239609.0,255506 b,251405.0
Annual,Number,Norway,:,:,:,:,:,:,:,:,:,:,:,:,:,:,:,:,:,:,:,:,:,:,42319.0,41718.0,41402.0,41027.0,41078.0,41217.0,41334.0,41071.0,41297.0,41280.0,41732.0,41441.0,41310.0,40708.0,40494.0,40401.0,40126.0,39963.0,39615.0,39305.0,39337.0
Annual,Number,Poland,:,:,:,:,:,:,:,:,:,:,:,:,:,:,:,:,:,:,:,:,:,:,:,86020.0,87218.0,88770.0,88429.0,88298.0,63453 b,63245.0,63936.0,65877.0,66753.0,68330.0,70277.0,71653.0,72460.0,74178.0,75200.0,76090.0,73684.0,76024.0,78632.0
Annual,Number,Romania,:,:,:,:,:,:,:,:,:,:,:,:,:,:,:,:,:,:,:,21557.0,19635.0,20361.0,20141.0,21573.0,22130.0,20275.0,20302.0,21070.0,21112.0,20279.0,25821 b,27461.0,27205.0,27301.0,28049.0,37727 b,38358.0,38902.0,39170.0,39904.0,40796.0,40523.0,43509.0
Annual,Number,Serbia,:,:,:,:,:,:,:,:,:,:,:,:,:,:,:,:,:,:,:,:,:,:,:,:,:,:,14576.0,14576.0,14382.0,14382.0,14818.0,14818.0,14942.0,14964.0,19654 b,19795.0,19932.0,20464.0,20314.0,23402.0,23456.0,24442.0,24791.0
Annual,Number,Sweden,:,:,:,:,:,:,:,:,:,:,89412.0,92093.0,121785 b,130235.0,134327.0,152308.0,149607.0,153311.0,141967.0,147512.0,150939.0,152172.0,150004.0,146134.0,141128.0,137371.0,135698.0,134603.0,135214.0,134046.0,133204 b,131722.0,128651.0,127230 b,123791 b,125386.0,126637.0,139601.0,140979.0,138575.0,133852.0,133367.0,136261.0
Annual,Number,Slovenia,:,:,:,:,:,:,:,:,:,:,:,:,:,:,:,:,:,:,:,:,:,:,:,:,:,:,:,:,18224.0,18938.0,19126.0,19327.0,19973.0,20218.0,20224.0,20537.0,20602.0,20718.0,21063.0,21150.0,21321.0,21573.0,23584 b
Annual,Number,Slovakia,:,:,:,:,:,:,:,:,:,:,:,:,:,:,:,:,:,:,:,:,:,:,:,:,29546.0,29312.0,30182.0,30567.0,30548.0,31780.0,32848.0,32808.0,35647.0,35932.0,37536.0,40202.0,40676.0,40988.0,42150.0,42487.0,42436.0,43015.0,42528 b
Annual,Number,Türkiye,:,:,:,:,:,:,:,:,:,:,:,:,:,:,:,:,:,:,:,:,:,:,:,:,:,:,:,:,:,:,:,38814.0,43065.0,45225.0,46693.0,49588.0,52452.0,57549.0,62215.0,68121.0,72690.0,75217.0,77350.0
Annual,Per hundred thousand inhabitants,Albania,:,:,:,:,:,18.55,10.19,10.18,9.52,12.83,:,:,:,:,:,:,:,:,:,:,:,:,:,:,:,:,:,:,:,:,:,:,:,:,:,:,:,:,:,:,:,:,:
Annual,Per hundred thousand inhabitants,Austria,:,:,:,:,:,:,:,:,:,:,:,:,:,:,:,:,:,:,:,:,:,:,:,:,650.83,:,:,672.4,:,679.42,:,745.02,778.02 bd,778.85 d,777.65 d,771.63 d,769.92 d,865.10 bd,863.63 d,862.17 d,873.26 d,876.04 d,872.59 d
Annual,Per hundred thousand inhabitants,Belgium,:,:,:,:,:,:,:,:,:,:,:,:,:,:,:,1050.87,1104.88,1113.66,1152.46,1192.77,1205.56,1224.15,1218.66,1221.76,1222.21,1217.85,1215.4,1221.63,1228.29,1230.37,1221.31,1226.41,1234.09,1207.64 b,1223.47,1239.84,1263.55,1273.1,1282.84,1289.34,1282.36,1273.88,1282.74
Annual,Per hundred thousand inhabitants,Bulgaria,:,:,:,:,:,:,:,:,:,:,:,:,:,:,:,:,:,:,:,:,57.84,58.93,53.67,54.66,56.31,56.56,57.48,56.72,57.15,60.69,61.79,61.86,60.58,43.01 b,43.72,33.35 b,30.77,30.77,29.67,27.41,27.88,25.81,25.27
Annual,Per hundred thousand inhabitants,Switzerland,:,:,:,:,:,:,:,:,:,:,:,:,:,:,:,:,:,:,:,:,1169.66,1167.67,1173.05,1161.03,1163.56,1167.09,1177.48,1190.66,1186.2,1187.15,1172.48,1173.45,1169.93,1169.44,1168.31,1165.88,1159.96,1174.21,1170.05,1170.29,1165.69,1158.66,1143.36
Annual,Per hundred thousand inhabitants,Cyprus,:,:,:,:,:,:,:,:,:,:,:,:,:,:,:,:,:,:,:,:,:,:,:,:,:,:,:,:,:,:,:,:,:,:,:,:,:,:,:,400.82,369.28,360.19,285.85
Annual,Per hundred thousand inhabitants,Czechia,:,:,:,:,:,:,:,:,:,:,:,:,:,:,:,:,:,:,:,:,634.83,:,:,:,:,674.62,678.85,678.52 b,662.63,654.17,623.31 b,625.54,631.89,646.85,655.51,663.41,681.53,687.47,690.76,695.36,709.56,716.98,719.59
Annual,Per hundred thousand inhabitants,Germany,:,:,:,:,:,:,:,:,:,:,:,:,:,:,:,:,:,:,:,786.18,:,818.81,:,864.12,:,918.14,:,971.31,:,1031.73,:,1090.69,:,1119.57,:,1137.2,:,1152.19,:,1166.83,:,1183.58,1185.11 e
Annual,Per hundred thousand inhabitants,Denmark,:,:,:,:,:,:,:,:,:,:,995.19,933.86,894.06,860.27,902.66 b,895.08,913.8,885.36,912.67,865.65,862.72,864.41,856.87,816.91,819.26,817.06,827.77,819.16 b,802.51,806.65,850.26 b,847.92,873.22,882.06,884.14,886.2,890.38,750.95 b,747.96,747.38,746.32,745.55 b,744.16
Annual,Per hundred thousand inhabitants,Estonia,:,:,:,:,:,:,:,:,:,:,:,:,:,:,:,:,:,:,426.86,428.77,432.07,435.55,450.57,457.13,472.42,499.64,525.54,550.32,582.38,610.41,635.31,657.05,699.48,787.18 b,612.31 b,649.23,664.39,680.67,699.26,775.87,795.77,841.37,858.66
Annual,Per hundred thousand inhabitants,Greece,14.52,16.65,18.69,20.72,22.74,25.17,27.09,29.0,30.89,30.73,29.86,29.51,:,25.91,25.78,25.66,24.79,24.2,22.52,23.56,23.04,:,:,:,:,:,:,:,:,:,:,:,:,:,:,:,:,:,:,:,:,:,25.85 p
Annual,Per hundred thousand inhabitants,Spain,:,:,:,:,:,:,:,:,:,:,:,:,:,:,:,:,:,:,:,:,:,:,150.05 d,166.99 d,322.34 d,315.26 d,353.56 d,427.67 d,433.70 d,486.10 d,528.00 d,797.19 bd,800.71 d,795.93 d,813.07 d,821.05 d,826.08 d,830.32 d,836.53 d,847.39 d,842.48 d,858.54 d,854.18 dp
Annual,Per hundred thousand inhabitants,Finland,:,:,:,:,:,:,:,:,:,:,:,:,:,:,:,:,553.7,597.59,612.17,644.26,660.04,696.61,736.74,752.02,780.29,817.43,919.95,973.52,1014.12,1048.22,1087.79,1122.55,1116.32,1132.11,1155.56,1180.85,1203.57,1189.99,1196.31,1182.39,1219.4,1160.4,1134.37
Annual,Per hundred thousand inhabitants,France,:,:,:,:,:,:,:,:,:,:,:,:,:,681.07,699.28,716.88,713.7,728.88,739.55,738.0,739.31,733.9,737.19,744.95,755.76,768.15,779.82,785.21,805.52,842.42,902.01,938.1,952.75,963.1,968.4,976.06,978.68,980.76,980.84,980.39,975.45,978.98,977.09
Annual,Per hundred thousand inhabitants,Croatia,:,:,:,:,:,:,:,:,:,:,:,:,:,:,:,:,:,:,:,:,:,:,:,149.46,166.21,180.39,178.76,188.91,189.94,196.9,208.04,204.23,210.3,207.92,225.52,194.10 b,217.2,198.64,211.42,217.03,236.4,238.29,238.89
Annual,Per hundred thousand inhabitants,Hungary,:,:,:,:,:,:,:,:,:,:,:,:,:,:,581.44,615.45,644.65,667.81,697.08,634.89 b,652.21,673.95,695.48,716.75,733.99,758.87,766.57,804.82,811.91,828.36,831.84,838.17,842.36,848.03,851.53,858.02,857.5,860.33,865.4,867.51,875.57,873.88,877.51
Annual,Per hundred thousand inhabitants,Ireland,:,:,:,:,:,:,:,265.53,268.09,325.92,318.59,328.22,337.23,352.32,359.01,370.73,385.98,397.12,409.14,409.88,422.53,436.96,448.25,470.63,473.8,469.22,501.62,512.24,512.1,634.08 b,572.06 b,604.9,618.58,601.82,616.29 b,640.29,639.2,639.27,642.06,649.96,643.96,632.64,613.16
Annual,Per hundred thousand inhabitants,Iceland,:,:,:,:,:,:,:,:,:,:,408.91,419.71,431.32,487.63,508.61,530.53,515.77,507.51,521.81,551.95,587.83,584.63,622.56,654.19,687.16,689.51,703.8,816.52 b,806.83,800.63,798.32,772.07,766.72,773.09,789.74,784.88,783.6,767.04,750.74,746.89,729.95,:,:
Annual,Per hundred thousand inhabitants,Italy,:,:,:,:,:,:,:,:,:,:,:,:,:,:,:,:,:,:,:,:,221.05 d,235.38 d,258.20 d,269.72 d,277.57 d,292.96 d,310.65 d,322.50 d,325.41 d,340.43 d,359.12 d,371.70 d,376.45 d,388.50 d,393.31 d,402.42 d,403.99 d,415.78 d,451.50 b,463.17,466.92,476.39,480.40 p
Annual,Per hundred thousand inhabitants,Liechtenstein,0.0,533.64,521.81,518.04,515.12,509.71,624.14,616.91,608.28,600.36,591.47,582.01,573.8,564.99,557.93,675.85,670.25,665.99,656.82,645.55,637.17,626.62,617.32,610.36,603.83,627.29,622.21,618.23,614.56,629.52,624.63,663.69,692.92,708.42,732.94,749.45,745.04,740.21,776.55,764.99,799.47,793.74,787.49
Annual,Per hundred thousand inhabitants,Lithuania,:,:,:,:,:,:,:,:,:,:,:,:,:,:,:,:,406.98,457.97,503.11,512.03,523.87,520.54,513.55,520.26,525.28,554.46,568.09,583.23,596.02,605.3,601.2,607.04,624.91,638.78,643.03,659.4,700.47,726.31,742.7,760.59,766.01,766.31,772.52
Annual,Per hundred thousand inhabitants,Luxembourg,:,:,:,:,:,:,:,:,:,:,:,:,:,:,:,:,:,:,:,:,:,578.45,607.16,651.64,666.46,681.27,654.41,684.18,693.54,721.0,765.55,758.37,781.62 e,:,1182.77 b,1210.32,1175.41,1167.97,1160.95,1151.45,1143.84,1143.17,1161.07
Annual,Per hundred thousand inhabitants,Latvia,:,:,:,:,:,:,:,:,:,:,:,:,:,:,:,151.75,169.95,200.79,195.48,215.94,219.59,220.69,227.65,248.04,245.9,237.45,248.43,241.56,222.11,255.45,293.72,339.56,375.31,377.02,281.02 b,272.97 d,274.25 d,274.22 d,268.99 d,272.18 d,256.73 d,259.33 d,258.86 d
Annual,Per hundred thousand inhabitants,Montenegro,:,:,:,:,:,:,:,:,:,:,:,:,:,:,:,:,:,:,:,:,:,:,:,:,:,:,:,:,:,:,:,:,:,:,:,:,:,:,:,:,:,: m,: m
Annual,Per hundred thousand inhabitants,North Macedonia,:,:,:,:,:,:,:,:,:,:,:,:,:,:,:,:,:,:,:,:,:,:,13.54,13.57,13.53,17.18,29.41,28.53,28.48,28.62 b,46.37,45.61,40.51,45.06,44.26,44.2,47.43,47.38,45.52,48.3,48.39,51.36,:
Annual,Per hundred thousand inhabitants,Malta,:,:,:,:,:,:,:,:,:,:,:,:,:,:,:,:,:,:,:,:,:,:,803.09,778.01,797.22,512.09 b,534.41,540.91,639.51 b,1008.54 b,1064.15,1059.41,1092.31,1009.70 b,1026.33,1041.45,1039.19,1089.1,1156.55,1126.05,1252.78,1287.28,1259.43
Annual,Per hundred thousand inhabitants,Netherlands,:,:,:,:,:,:,:,:,:,:,1282.91,1262.86,1245.6,1230.78,1208.41,1185.52,1156.57,1116.76,1093.49,1074.41,1060.23,1056.3,1045.47,1046.9,1048.87,1044.59,1040.47,1034.08,1029.39,1037.24,1036.51,1031.98,1433.13 b,1423.47,1422.39,1388.75,1376.2,1370.71,1376.1,1378.36,1373.79,1457.28 b,1420.29
Annual,Per hundred thousand inhabitants,Norway,:,:,:,:,:,:,:,:,:,:,:,:,:,:,:,:,:,:,:,:,:,:,932.51,913.9,901.63,887.4,881.37,875.25,866.87,850.56,844.65,833.42,831.55,815.83,804.18,784.37,773.35,765.61,755.4,747.27,736.41,726.75,720.84
Annual,Per hundred thousand inhabitants,Poland,:,:,:,:,:,:,:,:,:,:,:,:,:,:,:,:,:,:,:,:,:,:,:,225.16,228.43,232.59,231.85,231.63,166.43 b,166.09,168.06,173.07,175.37,179.63,184.88,188.63,190.83,195.33,198.03,200.42,196.41,205.57,213.55
Annual,Per hundred thousand inhabitants,Romania,:,:,:,:,:,:,:,:,:,:,:,:,:,:,:,:,:,:,:,95.93,87.49,92.0,92.69,99.99,103.16,95.1,95.79,100.9,102.8,99.57,127.53 b,136.3,135.63,136.62,140.89,190.39 b,194.69,198.59,201.14,205.99,211.76,211.92,228.41
Annual,Per hundred thousand inhabitants,Serbia,:,:,:,:,:,:,:,:,:,:,:,:,:,:,:,:,:,:,:,:,:,:,:,:,:,:,196.67,197.46,195.67,196.45,203.57,204.84,207.55,208.87,275.63 b,278.98,282.39,291.47,290.92,336.95,339.99,357.64,368.96
Annual,Per hundred thousand inhabitants,Sweden,:,:,:,:,:,:,:,:,:,:,1044.67,1068.69,1404.98 b,1493.77,1529.79,1725.49,1692.2,1733.1,1603.97,1665.32,1701.28,1710.57,1680.72,1631.28,1569.22,1521.35,1494.39,1471.38,1466.59,1441.59,1420.37 b,1394.0,1351.46,1325.26 b,1276.71 b,1279.56,1276.19,1388.0,1385.51,1348.15,1292.83,1280.43,1299.34
Annual,Per hundred thousand inhabitants,Slovenia,:,:,:,:,:,:,:,:,:,:,:,:,:,:,:,:,:,:,:,:,:,:,:,:,:,:,:,:,901.59,928.48,933.62,941.48,970.9,981.48,980.81,995.24,997.66,1002.62,1015.63,1012.74,1014.12,1023.35,1116.63 b
Annual,Per hundred thousand inhabitants,Slovakia,:,:,:,:,:,:,:,:,:,:,:,:,:,:,:,:,:,:,:,:,:,:,:,:,549.97,545.56,561.73,568.73,567.89,590.0,609.26,607.74,659.2,663.76,692.72,741.21,748.99,753.56,773.85,778.99,777.38,789.67,782.95 b
Annual,Per hundred thousand inhabitants,Türkiye,:,:,:,:,:,:,:,:,:,:,:,:,:,:,:,:,:,:,:,:,:,:,:,:,:,:,:,:,:,:,:,52.29,57.29,59.39,60.5,63.4,66.16,71.66,76.42,82.49,87.17,89.39,91.02
